0.0,0.0,0.0,0.0,0.0,0.0,0.0,0.0,0.0,0.0,0.0,0.0,0.0,0.0,0.0,0.0,0.0,0.0,0.0,0.0,0.0,0.0,0.0,0.0,0.0,0.0,0.0,0.0,0.0,0.0,0.0,0.0,0.0,0.0,0.0,0.0,0.0,0.0,0.0,0.0,0.0,0.0,0.0,0.0,0.0,0.0,0.0,0.0,0.0,0.0,0.0,0.0,0.0,0.0,0.0,0.0,0.0,0.0,0.0,0.0,0.0,0.0,0.0
0.0,0.0,0.0,0.0,0.0,0.0,0.0,0.0,0.0,0.0,0.0,0.0,0.0,0.0,0.0,0.0,0.0,0.0,0.0,0.0,0.0,0.0,0.0,0.0,0.0,0.0,0.0,0.0,0.0,0.0,0.0,0.0,0.0,0.0,0.0,0.0,0.0,0.0,0.0,0.0,0.0,0.0,0.0,0.0,0.0,0.0,0.0,0.0,0.0,0.0,0.0,0.0,0.0,0.0,0.0,0.0,0.0,0.0,0.0,0.0,0.0,0.0,0.0
0.0,0.0,0.0,0.0,0.0,0.0,0.0,0.0,0.0,0.0,0.0,0.0,0.0,0.0,0.0,0.0,0.0,0.0,0.0,0.0,0.0,0.0,0.0,0.0,0.0,0.0,0.0,0.0,0.0,0.0,0.0,0.0,0.0,0.0,0.0,0.0,0.0,0.0,0.0,0.0,0.0,0.0,0.0,0.0,0.0,0.0,0.0,0.0,0.0,0.0,0.0,0.0,0.0,0.0,0.0,0.0,0.0,0.0,0.0,0.0,0.0,0.0,0.0
0.0,0.0,0.0,0.0,0.0,0.0,0.0,0.0,0.0,0.0,0.0,0.0,0.0,0.0,0.0,0.0,0.0,0.0,0.0,0.0,0.0,0.0,0.0,0.0,0.0,0.0,0.0,0.0,0.0,0.0,0.0,0.0,0.0,0.0,0.0,0.0,0.0,0.0,0.0,0.0,0.0,0.0,0.0,0.0,0.0,0.0,0.0,0.0,0.0,0.0,0.0,0.0,0.0,0.0,0.0,0.0,0.0,0.0,0.0,0.0,0.0,0.0,0.0
0.0,0.0,0.0,0.0,0.0,0.0,0.0,0.0,0.0,0.0,0.0,0.0,0.0,0.0,0.0,0.0,0.0,0.0,0.0,0.0,0.0,0.0,0.0,0.0,560.926,127.51,0.223075,559.635,126.868,0.237931,558.339,144.529,0.214223,558.332,155.023,0.109039,558.346,127.509,0.448539,557.679,144.528,0.327671,558.312,155.661,0.164063,0.0,0.0,0.0,0.0,0.0,0.0,558.323,155.012,0.120275,0.0,0.0,0.0,0.0,0.0,0.0,558.973,155.017,0.0932655
0.0,0.0,0.0,269.582,71.1872,0.30437,0.0,0.0,0.0,0.0,0.0,0.0,0.0,0.0,0.0,269.6,70.5708,0.244704,265.674,81.0052,0.122263,265.019,86.2499,0.115483,268.943,86.2704,0.381641,266.327,86.2831,0.367465,265.681,98.0627,0.370834,265.043,111.793,0.469986,269.591,86.2689,0.332944,270.902,98.0512,0.308614,274.176,112.426,0.372515,274.164,113.134,0.249372,274.826,113.135,0.250784,273.51,113.097,0.367964,264.995,113.133,0.305517,264.341,113.097,0.318352,265.671,112.461,0.435654
0.0,0.0,0.0,0.0,0.0,0.0,0.0,0.0,0.0,0.0,0.0,0.0,0.0,0.0,0.0,0.0,0.0,0.0,0.0,0.0,0.0,0.0,0.0,0.0,0.0,0.0,0.0,0.0,0.0,0.0,0.0,0.0,0.0,0.0,0.0,0.0,0.0,0.0,0.0,0.0,0.0,0.0,0.0,0.0,0.0,0.0,0.0,0.0,0.0,0.0,0.0,0.0,0.0,0.0,0.0,0.0,0.0,0.0,0.0,0.0,0.0,0.0,0.0
0.0,0.0,0.0,270.241,75.7847,0.168277,270.901,75.1307,0.144388,265.674,85.6036,0.0739854,265.676,90.1946,0.0513526,269.605,75.1374,0.14361,276.128,85.6023,0.0605136,0.0,0.0,0.0,269.614,88.8792,0.339734,269.571,88.8822,0.32849,266.966,99.3699,0.341166,265.057,111.78,0.420435,270.242,88.8777,0.267537,270.24,98.7045,0.262709,272.855,110.494,0.263659,272.2,113.114,0.167959,273.512,113.098,0.168068,268.283,112.461,0.312345,264.354,113.762,0.263711,263.694,113.098,0.272473,266.965,112.455,0.397155
556.994,79.066,0.271494,561.586,92.8193,0.260577,557.01,92.1911,0.476244,553.726,108.516,0.342247,549.794,119.66,0.266394,563.56,92.834,0.205528,0.0,0.0,0.0,0.0,0.0,0.0,558.305,123.581,0.393628,553.753,123.569,0.476829,552.442,145.19,0.226317,553.088,158.294,0.0907463,562.883,123.598,0.391237,558.982,147.809,0.191459,558.319,158.293,0.0723721,0.0,0.0,0.0,0.0,0.0,0.0,558.983,158.928,0.0659455,0.0,0.0,0.0,0.0,0.0,0.0,553.087,158.934,0.0862246
0.0,0.0,0.0,268.907,69.2456,0.230112,264.996,70.5341,0.22524,264.328,79.0743,0.149683,264.353,84.2981,0.120376,270.893,68.5952,0.218246,274.837,79.077,0.0786628,279.387,84.3103,0.11494,269.567,84.2983,0.416941,265.043,84.9558,0.438157,265.005,96.7641,0.547859,265.009,109.842,0.614297,271.552,83.0064,0.335987,274.179,96.7241,0.346523,274.782,107.237,0.379741,274.808,112.426,0.369284,275.459,111.791,0.370855,272.208,108.546,0.310054,262.384,115.065,0.4819,260.442,113.14,0.551494,265.671,111.813,0.596471
553.729,79.0712,0.447194,558.976,89.5462,0.758881,553.107,90.827,0.747635,551.778,106.556,0.369576,548.485,118.341,0.339257,564.86,88.2441,0.689504,567.481,104.607,0.475615,558.332,116.376,0.571225,557.638,118.343,0.734584,552.442,118.329,0.743799,547.209,139.304,0.804285,545.87,158.295,0.613573,562.228,118.355,0.680903,558.978,139.977,0.672545,558.32,158.944,0.517271,557.01,164.18,0.106522,560.938,163.517,0.108213,557.677,159.587,0.293902,538.676,163.525,0.364457,538.032,160.915,0.424961,547.162,159.599,0.450853
553.099,76.4473,0.677954,558.317,86.9391,0.67821,552.424,87.5797,0.719657,549.154,103.299,0.470173,548.495,117.02,0.307029,564.221,86.2908,0.617575,566.824,102.64,0.267171,558.959,113.777,0.520586,557.657,117.668,0.733627,552.432,117.041,0.730935,547.214,138.638,0.827226,543.268,156.336,0.682575,562.886,117.679,0.70018,558.996,139.318,0.73419,557.674,158.288,0.602023,554.402,160.906,0.101649,558.977,160.904,0.105733,557.015,158.95,0.331262,540.632,160.906,0.361958,538.037,160.243,0.432139,543.913,158.937,0.487946
552.411,76.4191,0.786036,557.63,86.9509,0.836852,549.804,87.6022,0.762213,547.812,102.665,0.721573,545.88,117.029,0.584388,563.559,86.8972,0.791583,566.829,102.623,0.460763,558.297,114.413,0.675091,556.989,117.668,0.746308,551.755,117.045,0.752795,547.201,139.283,0.846654,542.594,158.291,0.714356,562.222,117.674,0.703864,558.963,139.944,0.761923,557.636,159.579,0.624046,552.431,162.869,0.117855,557.01,163.523,0.110575,556.997,160.248,0.345509,537.382,164.17,0.465102,536.725,161.555,0.503613,543.247,160.24,0.504595
551.779,75.8209,0.61944,556.985,86.9079,0.817723,549.148,86.9567,0.751414,547.863,102.644,0.377938,547.19,115.074,0.277891,562.903,86.2595,0.770725,564.876,102.62,0.47325,557.683,114.426,0.734117,555.703,117.69,0.718685,551.11,117.686,0.731631,547.153,139.326,0.803836,541.295,159.607,0.698892,560.93,117.693,0.686642,558.352,141.271,0.740267,557.645,160.254,0.61069,553.745,164.847,0.123274,558.327,166.142,0.129232,557.008,161.566,0.317929,536.702,164.824,0.491956,534.751,162.861,0.494608,541.931,161.566,0.471353
550.465,76.4363,0.525917,555.688,86.9069,0.789079,547.843,87.564,0.778609,547.199,102.633,0.32832,547.158,111.794,0.230025,562.898,86.2496,0.776845,565.508,102.62,0.44288,557.685,114.415,0.719763,555.031,117.715,0.720601,549.798,117.709,0.720625,546.533,139.96,0.79495,539.984,159.616,0.672835,560.279,118.334,0.697474,558.323,142.559,0.751772,557.634,160.239,0.569289,554.387,164.838,0.120368,558.329,165.491,0.129389,557.001,160.904,0.292726,536.044,164.828,0.466585,533.44,162.876,0.487838,539.984,161.572,0.466453
547.819,76.4512,0.435685,553.101,86.9551,0.797338,547.155,88.8764,0.744169,545.217,105.255,0.442888,541.929,117.039,0.360367,561.587,86.9026,0.757942,564.195,102.625,0.557804,557.669,115.723,0.730975,553.087,119.019,0.745988,547.837,119.011,0.750435,544.562,142.573,0.746937,538.683,160.276,0.666576,558.337,119.653,0.70397,558.308,143.884,0.801943,557.671,162.21,0.520458,556.344,168.755,0.122395,559.636,169.411,0.131688,557.657,164.176,0.273544,536.059,165.494,0.487554,533.433,164.801,0.531111,539.326,163.516,0.462405
547.182,76.4568,0.625586,552.413,88.8773,0.813397,543.283,90.8535,0.778629,541.958,106.572,0.709087,537.396,118.365,0.490668,559.624,86.9338,0.786052,563.546,102.653,0.759679,557.664,117.684,0.849791,551.771,121.616,0.74624,546.508,121.614,0.739672,542.634,143.87,0.827738,540.633,161.558,0.670418,557.628,120.976,0.724432,557.669,143.898,0.829024,557.68,161.571,0.53971,556.36,168.755,0.121134,560.932,168.757,0.124565,557.665,164.168,0.295873,536.042,166.144,0.46457,533.428,164.84,0.537061,541.295,164.173,0.471345
547.172,75.7979,0.794352,549.805,87.5801,0.808156,541.933,89.5318,0.791785,540.623,107.187,0.767435,536.677,120.304,0.723784,558.315,86.9115,0.842531,562.888,102.666,0.81016,557.666,118.347,0.880863,549.162,121.628,0.727776,543.916,121.617,0.731911,541.94,143.227,0.795406,538.668,160.894,0.600025,555.042,121.628,0.700281,554.404,143.894,0.672865,555.047,160.914,0.403847,552.404,166.801,0.104941,557.652,167.449,0.0968067,555.043,162.871,0.215831,536.048,166.151,0.36356,533.434,164.849,0.435202,539.983,162.21,0.417183
545.22,75.8042,0.761807,547.839,88.8973,0.852351,540.625,90.8448,0.806121,537.386,106.57,0.823391,534.742,120.32,0.741921,556.988,87.5805,0.824554,558.98,102.668,0.795487,557.663,118.338,0.854527,547.203,120.323,0.800998,541.948,120.309,0.782187,541.28,142.561,0.805528,539.32,160.229,0.698537,552.447,120.958,0.775256,553.73,143.215,0.779021,555.706,160.252,0.596097,553.069,165.475,0.108021,557.674,165.487,0.107613,555.702,162.205,0.319601,536.717,165.479,0.4293,534.749,164.188,0.462679,540.639,160.9,0.502091
543.255,74.4783,0.779053,546.54,87.5813,0.851863,537.367,88.8766,0.810871,536.047,105.907,0.77466,532.159,119.02,0.765542,553.754,86.927,0.834112,558.341,102.62,0.844707,557.674,118.325,0.860131,546.52,119.02,0.769582,540.628,119.005,0.747729,539.992,141.264,0.753576,539.992,159.607,0.645975,551.778,119.657,0.755242,549.811,141.915,0.726099,549.16,159.615,0.561721,547.176,165.473,0.198337,549.148,164.842,0.180095,547.856,160.899,0.343001,538.008,165.47,0.380045,536.057,164.18,0.435521,541.293,160.261,0.481361
542.606,73.8258,0.74654,544.576,86.9392,0.849007,536.728,88.2266,0.823674,532.791,104.604,0.794629,531.451,119.015,0.811575,553.052,86.2911,0.880904,558.337,101.978,0.878169,558.961,117.703,0.903755,545.211,119.649,0.74712,538.037,119.648,0.754557,538.044,142.568,0.76491,539.324,160.277,0.637698,551.751,119.656,0.744711,549.815,142.576,0.740178,551.112,160.266,0.51922,547.177,166.14,0.146619,549.8,166.136,0.126026,549.163,162.21,0.289449,536.054,166.796,0.399548,534.087,165.478,0.462101,541.289,162.208,0.462656
541.295,73.8356,0.684662,542.626,86.9553,0.883707,534.755,88.8749,0.786401,532.101,105.262,0.870406,527.546,119.662,0.812486,552.409,86.896,0.878178,558.3,101.985,0.894947,558.347,117.705,0.900463,543.282,118.365,0.788632,537.392,118.373,0.80514,538.009,141.907,0.794949,538.685,160.267,0.643207,550.45,118.362,0.760661,548.5,141.27,0.776343,548.499,160.266,0.551286,545.879,166.154,0.149102,547.864,166.146,0.142339,547.822,162.214,0.312029,536.045,166.809,0.375869,533.44,165.493,0.442268,541.271,161.562,0.451238
541.913,73.1683,0.819375,542.599,86.9385,0.917497,533.427,87.5863,0.822522,531.481,103.942,0.879835,526.904,118.361,0.898687,552.399,86.8953,0.892078,557.686,102.0,0.911744,558.347,117.711,0.897448,543.251,118.362,0.816504,537.363,118.372,0.823293,537.371,142.559,0.828845,538.032,161.564,0.678418,549.16,118.356,0.779126,548.491,141.928,0.79845,550.462,161.551,0.564574,545.218,167.455,0.14441,548.495,168.101,0.129969,549.799,164.181,0.315875,533.444,168.762,0.477096,532.144,166.142,0.539729,540.645,163.532,0.475149
539.994,72.5239,0.78185,541.938,86.2769,0.904309,531.489,86.908,0.878525,529.519,102.655,0.824258,526.868,117.694,0.874883,551.756,86.239,0.857296,557.638,101.946,0.867491,558.335,117.661,0.884384,542.625,118.336,0.8212,536.737,118.356,0.811747,537.371,141.926,0.8056,538.03,162.21,0.658761,549.15,117.715,0.77464,547.864,141.907,0.788778,548.507,161.572,0.549284,542.617,166.808,0.15396,546.531,167.453,0.139191,547.848,164.19,0.312012,532.79,169.407,0.466927,532.132,166.16,0.515338,540.647,164.179,0.452357
538.688,71.2461,0.850313,541.911,86.2694,0.897928,531.465,86.8987,0.89393,528.846,102.644,0.841355,526.235,117.667,0.85843,551.11,85.6211,0.84105,557.01,101.948,0.86728,558.351,117.025,0.871201,542.609,118.326,0.843804,536.721,118.348,0.82341,537.369,140.61,0.797406,538.042,160.903,0.603727,548.511,117.707,0.800129,547.204,139.96,0.83348,547.203,160.908,0.555564,541.284,165.477,0.21425,542.596,165.503,0.207113,547.175,162.875,0.34026,532.799,168.103,0.398091,532.145,165.498,0.453675,541.27,162.864,0.393373
538.038,71.2218,0.869486,539.994,86.2571,0.858748,530.823,86.2926,0.877646,526.887,102.637,0.891453,525.581,117.681,0.809457,549.147,85.6093,0.821045,556.341,101.326,0.819333,558.292,117.025,0.858791,541.929,118.337,0.831803,535.385,118.356,0.765871,536.714,141.268,0.791839,537.381,160.922,0.621498,547.833,118.329,0.822582,547.189,139.966,0.806908,547.843,160.897,0.555392,541.959,165.498,0.182399,544.563,165.504,0.158455,547.182,162.868,0.319321,532.792,168.762,0.442508,532.126,166.141,0.498617,539.976,163.517,0.411275
538.018,71.2123,0.895608,539.33,86.2546,0.876558,530.17,86.2903,0.870822,526.246,102.0,0.903015,522.968,116.388,0.81081,549.138,85.6084,0.823854,555.047,101.324,0.82604,557.688,117.027,0.876532,541.273,118.338,0.815331,532.798,118.356,0.790928,536.068,141.91,0.749962,537.364,160.921,0.59202,547.204,118.336,0.835945,547.161,139.976,0.774279,547.824,160.92,0.503577,541.959,166.16,0.164042,544.57,166.797,0.142289,547.167,163.517,0.281988,532.796,169.406,0.400745,532.114,166.788,0.454893,539.318,162.867,0.381945
537.393,71.1928,0.919129,538.67,86.2546,0.883488,529.505,86.2822,0.862467,525.585,101.963,0.861797,522.311,114.425,0.821146,548.493,85.6145,0.835273,554.383,101.33,0.835361,557.665,117.686,0.887909,539.98,118.339,0.7883,532.151,118.351,0.807188,535.383,142.561,0.726271,536.69,164.174,0.666926,547.17,118.338,0.811241,546.512,141.275,0.756538,545.887,164.175,0.561875,538.671,169.406,0.21272,541.939,169.42,0.207076,544.576,166.154,0.325072,532.13,170.086,0.569563,530.813,168.759,0.581748,537.371,165.491,0.419675
537.362,70.5775,0.938571,538.036,86.2586,0.894242,528.847,86.2834,0.8642,524.281,101.954,0.824748,521.651,113.762,0.886958,548.484,86.2295,0.844085,553.725,101.981,0.876329,557.012,117.692,0.864645,538.687,118.343,0.787485,532.136,118.36,0.81042,534.752,141.915,0.714048,536.701,162.862,0.623064,546.523,118.335,0.787199,545.862,140.613,0.735926,547.164,162.213,0.530406,540.64,168.105,0.180835,543.25,168.114,0.174792,546.531,164.848,0.311657,532.151,170.077,0.495799,531.451,168.747,0.524726,537.391,164.818,0.404274
537.358,70.5765,0.93522,538.012,86.2545,0.903009,527.569,86.2811,0.862666,522.972,101.949,0.847471,521.637,113.788,0.886488,547.861,86.23,0.849786,553.09,101.982,0.879584,556.356,117.712,0.843652,538.027,118.353,0.801669,532.119,118.369,0.807505,533.437,141.912,0.670713,535.408,162.871,0.44874,545.223,118.346,0.767523,542.607,141.265,0.740713,541.956,164.817,0.393028,535.407,169.407,0.249894,538.021,170.072,0.244529,541.947,166.798,0.244347,531.492,170.08,0.345398,530.796,169.396,0.359592,536.695,164.827,0.295056
537.353,70.577,0.945878,537.387,86.2496,0.928641,527.545,86.2771,0.889889,522.321,101.973,0.882416,521.627,115.722,0.861403,547.845,85.6199,0.871243,553.079,101.996,0.909516,555.034,118.335,0.866022,538.028,118.349,0.812121,532.117,118.37,0.816768,533.444,141.269,0.693652,536.04,160.905,0.477351,545.227,118.337,0.780649,542.609,139.973,0.785333,543.262,160.903,0.392842,539.979,166.156,0.153847,542.597,166.794,0.148974,542.597,162.872,0.243737,533.434,167.457,0.27906,531.467,166.147,0.340181,536.709,162.215,0.335731
537.341,70.5705,0.942956,537.376,86.2388,0.922629,527.536,86.2728,0.893482,522.32,101.969,0.880182,521.629,115.078,0.860382,547.831,85.5952,0.866189,553.066,101.986,0.899765,554.389,118.338,0.862428,537.397,118.354,0.820163,531.496,118.367,0.813322,532.785,141.914,0.721333,535.396,161.551,0.484889,544.561,118.346,0.777566,542.586,139.978,0.787553,542.624,160.913,0.428712,538.676,166.793,0.156408,541.946,166.796,0.159994,541.958,163.518,0.264162,532.776,168.766,0.29558,531.448,166.807,0.35231,536.689,162.876,0.337278
536.72,70.5562,0.939996,537.365,85.619,0.916739,526.916,86.2623,0.900549,522.313,101.966,0.881082,521.024,115.071,0.863502,547.83,84.9456,0.851699,553.05,101.983,0.902009,554.389,118.346,0.865898,537.373,118.37,0.820475,531.469,118.376,0.798499,532.14,141.274,0.729894,533.449,160.238,0.414753,543.911,118.369,0.76962,541.97,140.621,0.782287,541.944,160.258,0.43316,537.377,165.482,0.178865,541.283,164.845,0.183217,541.3,160.916,0.278044,532.789,165.498,0.213487,531.45,165.478,0.25954,535.399,160.905,0.301699
536.718,70.5256,0.916151,537.374,85.6067,0.90789,526.917,86.2454,0.88961,522.315,101.964,0.880685,521.626,115.723,0.868216,547.848,84.3096,0.840335,553.052,101.986,0.900665,554.388,118.352,0.862085,537.363,119.003,0.798375,531.457,119.002,0.778147,531.464,143.23,0.744812,532.777,162.867,0.33815,543.907,119.006,0.74746,541.958,143.207,0.762098,541.291,163.531,0.362442,536.687,169.406,0.176206,538.675,170.053,0.165913,540.639,165.487,0.228838,531.462,169.408,0.205979,529.513,168.106,0.224149,533.444,164.176,0.241757
536.723,69.8796,0.907188,537.36,85.601,0.911435,526.908,86.2324,0.894949,522.313,101.968,0.884893,521.625,115.731,0.871973,547.838,84.301,0.846897,552.446,101.982,0.897252,554.379,118.344,0.867373,537.341,119.004,0.79672,531.436,118.997,0.767808,531.458,143.231,0.762552,532.771,162.224,0.449015,543.261,119.01,0.756377,541.941,143.223,0.79401,541.303,164.17,0.447167,536.727,170.058,0.243853,541.281,170.076,0.233632,540.633,165.489,0.277091,531.491,168.752,0.281502,530.151,166.807,0.299884,533.445,164.174,0.313107
536.729,68.5961,0.898078,537.357,83.6541,0.884237,526.893,84.3091,0.868857,522.301,101.944,0.882313,521.024,115.078,0.874449,547.829,82.3622,0.864177,552.45,101.959,0.881952,554.393,118.333,0.861487,537.343,118.354,0.819397,530.83,118.346,0.786118,530.819,143.23,0.76752,531.494,164.815,0.507799,543.268,118.367,0.766358,541.912,143.234,0.792246,539.978,165.474,0.505846,536.708,170.732,0.288509,540.633,171.37,0.27493,538.02,167.45,0.309815,530.824,170.046,0.34575,527.549,168.75,0.345655,532.131,165.503,0.354671
536.726,67.2797,0.913953,537.345,82.9959,0.902175,526.26,84.2979,0.870395,521.677,101.95,0.896558,521.625,115.74,0.88113,547.854,82.333,0.882369,552.45,101.334,0.881661,554.393,117.702,0.875675,537.346,118.374,0.822677,530.816,118.364,0.783744,530.147,143.867,0.75168,530.807,164.81,0.492721,543.905,118.995,0.764108,541.925,143.866,0.81957,539.989,164.843,0.496819,536.731,170.717,0.249325,541.283,170.736,0.240383,537.386,166.797,0.310021,530.797,169.406,0.318907,526.897,168.105,0.338501,531.468,165.49,0.382478
536.72,65.9949,0.933012,537.342,82.3423,0.906828,526.261,82.9847,0.875106,521.679,100.68,0.863332,521.02,115.07,0.881831,547.843,81.7021,0.885348,553.053,101.304,0.868247,554.402,117.661,0.852843,537.358,118.36,0.816808,530.825,118.352,0.782222,528.863,143.89,0.761837,530.81,165.503,0.557791,544.557,118.366,0.752962,541.945,144.516,0.83437,539.993,168.112,0.577586,537.382,173.987,0.362145,541.953,174.006,0.375817,537.388,170.085,0.42424,530.793,170.707,0.378918,526.883,170.045,0.391774,531.476,168.103,0.410072
536.718,65.9761,0.934709,536.733,81.722,0.91511,526.238,82.3625,0.866323,521.669,100.668,0.864359,521.018,116.367,0.8755,547.835,81.6765,0.892019,553.058,100.015,0.86547,555.044,116.37,0.813896,537.351,118.35,0.823588,530.805,118.341,0.78503,528.851,143.9,0.797786,531.475,166.136,0.668844,544.564,118.356,0.754712,541.97,144.539,0.843056,541.296,169.423,0.66395,538.021,174.646,0.450391,542.589,174.662,0.472364,538.677,170.735,0.480001,531.446,170.736,0.47778,526.912,170.065,0.488298,532.146,168.761,0.476915
536.703,65.3462,0.926175,536.727,81.7112,0.922298,526.222,82.3421,0.867143,521.661,100.665,0.862441,521.019,115.735,0.875129,547.843,81.6695,0.893546,553.075,99.3608,0.856028,555.048,115.716,0.802875,537.339,118.339,0.826066,530.794,118.329,0.779138,529.501,143.873,0.805556,531.471,165.514,0.668182,543.921,118.35,0.762447,541.96,144.517,0.844352,541.294,169.4,0.641797,538.021,174.643,0.431373,542.59,174.653,0.448458,538.666,170.728,0.470881,531.457,170.756,0.437176,527.539,170.089,0.444937,532.141,168.765,0.481879
536.681,65.3282,0.926579,536.722,81.6828,0.9345,526.217,81.7093,0.88248,521.651,100.665,0.861691,521.006,115.737,0.871885,547.834,81.0463,0.90149,553.077,98.0717,0.878264,555.689,114.437,0.802483,536.738,118.349,0.824123,530.16,118.337,0.77354,528.861,143.893,0.784985,530.158,166.801,0.69025,543.916,118.359,0.760829,541.958,144.53,0.837072,540.636,169.427,0.672975,537.382,174.666,0.420358,542.586,175.29,0.426135,537.379,171.37,0.511469,528.206,172.702,0.56635,526.205,170.75,0.604074,531.453,170.059,0.582789
536.056,65.2854,0.896017,536.724,81.0451,0.939125,526.208,81.6712,0.894845,521.638,100.008,0.852819,520.969,114.415,0.853787,547.843,80.9975,0.881859,553.077,97.4327,0.890028,555.051,113.791,0.808057,536.724,117.694,0.826042,530.148,117.678,0.766631,527.558,143.236,0.794823,529.508,168.103,0.723124,543.273,117.706,0.76938,541.945,144.517,0.839087,540.646,170.047,0.681781,536.051,175.278,0.391414,539.978,175.299,0.37662,538.676,171.399,0.464955,526.223,173.987,0.670473,523.612,170.759,0.67459,531.459,170.704,0.642783
535.408,64.6539,0.864243,536.719,81.0331,0.944398,525.589,81.6624,0.890875,521.625,98.7207,0.862303,520.33,113.148,0.857271,547.85,80.3819,0.87831,553.088,97.4295,0.883584,555.054,113.144,0.834217,536.724,117.677,0.819137,529.508,117.046,0.746378,528.205,143.237,0.789276,528.848,168.115,0.735689,543.901,117.691,0.755606,541.962,144.524,0.842,541.299,170.07,0.704384,534.744,175.284,0.309067,539.984,175.315,0.284223,540.639,173.335,0.433944,523.612,174.649,0.691897,521.644,171.396,0.727575,531.447,170.727,0.65592
534.095,62.7096,0.829713,536.708,81.0079,0.924989,525.563,81.0364,0.866257,521.017,98.0562,0.881245,519.697,113.134,0.847167,547.86,80.354,0.851592,553.094,97.4067,0.88134,555.045,113.127,0.834498,536.709,117.045,0.807058,528.862,117.027,0.739189,527.564,143.207,0.787427,528.198,168.755,0.728949,543.26,117.673,0.760522,541.956,143.902,0.84326,541.276,170.053,0.674313,536.707,175.289,0.291675,541.95,175.299,0.30352,538.686,172.036,0.435598,522.952,175.276,0.631094,521.64,172.037,0.658837,530.82,170.744,0.633925
532.798,62.709,0.847456,536.695,80.996,0.921393,525.556,81.0239,0.866406,521.008,98.0541,0.902146,519.032,113.782,0.812217,547.841,79.7114,0.851948,553.085,97.3832,0.906346,554.387,113.097,0.864118,536.698,117.05,0.810126,528.21,117.032,0.746718,528.209,143.238,0.798932,527.559,170.05,0.78213,543.255,117.68,0.778821,541.974,144.512,0.836887,541.298,170.069,0.6846,536.712,175.294,0.241876,542.598,175.316,0.268525,539.339,172.698,0.428253,522.325,175.333,0.722519,520.997,174.002,0.747496,530.804,172.038,0.658747
532.147,62.7098,0.869853,536.057,81.0019,0.887928,523.614,81.0471,0.839165,520.976,98.0613,0.869783,517.738,114.435,0.773648,547.827,79.0617,0.840624,553.076,97.3737,0.90277,554.382,113.109,0.861409,536.697,117.686,0.815044,528.201,117.671,0.753751,528.85,143.887,0.792636,527.538,170.709,0.787905,543.259,117.703,0.774663,542.586,144.544,0.81043,541.925,170.706,0.668545,538.022,175.312,0.267475,544.563,175.944,0.277285,538.672,173.347,0.418089,526.219,175.945,0.705008,521.678,175.277,0.731999,529.509,173.352,0.619422
532.105,63.3466,0.892724,536.035,80.9982,0.868733,522.331,81.0486,0.857285,520.34,98.6989,0.845516,516.438,115.082,0.837046,547.816,78.4149,0.845147,553.067,96.7701,0.909906,554.392,112.482,0.859784,536.696,117.704,0.825263,528.192,117.693,0.765883,528.852,144.521,0.794168,527.546,170.751,0.784487,543.262,118.327,0.774271,542.607,145.185,0.782796,541.956,170.729,0.672024,539.982,175.982,0.22533,546.538,175.972,0.277545,539.337,174.634,0.403118,525.579,176.621,0.68429,521.656,175.333,0.775103,530.165,174.657,0.652715
531.473,62.7047,0.889718,535.383,81.0046,0.864639,521.681,81.0581,0.875053,518.39,100.021,0.796849,515.776,117.05,0.835535,547.199,78.4205,0.840042,553.062,97.3814,0.902587,554.379,113.099,0.851554,536.677,117.706,0.818241,527.547,117.699,0.791483,527.571,144.522,0.823066,526.9,171.382,0.813222,543.248,118.332,0.786038,541.975,145.194,0.814589,539.995,170.722,0.689887,539.324,175.982,0.266385,545.226,175.953,0.3126,537.349,173.987,0.494844,526.236,177.268,0.71325,521.673,175.971,0.757706,528.845,174.665,0.663818
530.822,62.7028,0.866631,534.738,80.9974,0.860004,521.679,81.0556,0.885122,517.725,99.3651,0.804068,515.776,117.024,0.826749,547.179,78.4074,0.838582,552.45,97.3764,0.902165,553.751,113.099,0.856472,536.677,117.697,0.810716,527.543,117.695,0.78737,528.187,144.533,0.83613,526.877,171.393,0.808881,543.251,117.712,0.780126,542.585,145.207,0.803899,541.279,170.743,0.686994,541.959,176.62,0.316657,546.541,175.953,0.369144,537.371,174.008,0.495828,526.215,177.274,0.687437,521.649,175.966,0.748985,528.205,175.29,0.635862
530.149,62.6881,0.834559,533.442,80.9952,0.865341,521.647,81.0539,0.897283,517.069,100.017,0.822838,516.39,117.048,0.843637,546.543,78.4025,0.822478,552.425,97.3831,0.892549,553.74,113.109,0.858439,536.038,117.707,0.793024,526.905,117.703,0.799267,528.199,144.536,0.823548,526.888,171.396,0.786247,542.61,118.326,0.80184,541.966,145.838,0.779345,541.281,170.723,0.669753,541.947,176.609,0.329355,546.529,175.94,0.375894,537.361,173.348,0.451245,526.252,176.632,0.643467,521.68,175.955,0.685822,528.195,175.307,0.605119
528.195,62.0473,0.845602,532.789,81.0038,0.893932,521.008,81.6627,0.899867,516.442,100.669,0.82878,515.762,117.674,0.840128,546.532,78.4078,0.818131,552.406,97.3919,0.887027,553.725,113.13,0.860674,536.044,118.362,0.783119,526.904,118.363,0.788177,528.203,144.566,0.809331,526.885,172.05,0.777823,542.623,118.369,0.780269,541.966,146.507,0.771517,541.284,170.736,0.689074,540.641,176.617,0.343275,545.225,175.966,0.376472,537.362,173.991,0.466168,526.226,176.636,0.625341,521.669,175.961,0.677561,528.198,175.947,0.614619
526.906,61.4026,0.895122,532.143,80.9964,0.913882,520.347,81.6619,0.868729,515.773,101.312,0.840804,515.082,117.715,0.810699,545.872,77.7647,0.813805,551.744,97.404,0.855063,553.096,113.773,0.855075,535.397,118.372,0.761298,526.874,118.992,0.786668,527.571,145.215,0.794661,526.917,175.296,0.760771,542.602,118.375,0.785588,541.944,147.818,0.788704,541.281,172.025,0.668599,540.644,178.579,0.375984,544.577,176.629,0.40825,537.375,174.651,0.46052,523.621,179.875,0.560396,521.63,177.271,0.6099,530.15,177.28,0.590205
526.238,61.3756,0.912866,532.102,80.3806,0.914895,519.032,81.6621,0.836054,515.729,101.325,0.846326,513.15,118.355,0.80487,545.214,77.1241,0.815514,550.455,97.4118,0.84648,553.095,113.789,0.858092,535.388,118.372,0.754809,526.863,118.995,0.778262,527.564,146.495,0.789964,528.853,175.332,0.782278,542.605,118.372,0.783591,541.948,148.472,0.800899,541.931,173.993,0.654739,541.28,180.524,0.314157,545.215,179.228,0.323496,538.67,175.964,0.424623,521.672,180.539,0.705285,520.982,178.57,0.711294,531.482,179.236,0.703555
525.561,60.7179,0.897412,531.459,79.7102,0.872801,517.092,81.0281,0.835943,515.089,100.005,0.798856,513.135,118.343,0.792637,543.272,76.4806,0.85467,549.795,97.3968,0.827816,553.093,114.42,0.846621,534.08,118.334,0.757368,526.234,118.345,0.787519,528.194,147.814,0.795654,528.843,175.987,0.780593,541.975,118.335,0.796541,541.945,149.086,0.808114,541.954,174.007,0.665393,541.275,180.532,0.319606,544.568,179.874,0.308109,538.672,175.987,0.421941,522.958,181.181,0.68801,521.017,179.884,0.72584,531.472,179.902,0.741818
522.963,60.0717,0.894215,530.82,77.7538,0.85876,517.073,80.3809,0.827404,514.437,98.0731,0.809271,511.823,117.716,0.848559,542.608,76.4373,0.89376,548.503,97.3708,0.851223,553.081,114.434,0.846307,532.799,118.34,0.774335,525.59,118.355,0.762473,527.556,148.472,0.817773,528.213,177.286,0.767828,541.948,118.336,0.801891,541.955,149.099,0.815128,541.942,174.66,0.655867,539.976,181.177,0.330379,543.262,180.526,0.321517,538.668,177.263,0.396925,522.314,182.521,0.69124,521.001,181.182,0.781461,531.476,180.557,0.779726
521.656,59.4016,0.883376,528.215,76.4607,0.868558,516.387,79.0739,0.825956,511.841,98.0602,0.853764,511.164,117.705,0.883605,541.942,75.1397,0.860465,547.849,96.7284,0.861965,553.065,113.79,0.842019,532.13,117.687,0.7804,523.618,117.71,0.715594,526.893,148.471,0.825823,528.207,177.286,0.770459,541.911,117.673,0.733514,542.601,148.448,0.785069,543.922,175.314,0.622496,538.676,181.185,0.243726,542.618,181.197,0.222313,541.953,178.576,0.31123,521.666,183.155,0.704391,520.978,181.191,0.776332,531.492,180.572,0.78056
521.004,58.113,0.883392,527.546,76.4344,0.897191,515.733,77.7689,0.82335,511.163,97.4311,0.899839,510.535,117.701,0.888859,541.927,74.4822,0.833375,547.843,96.0736,0.840078,552.429,113.774,0.855241,531.484,117.026,0.768173,522.297,117.043,0.720234,526.237,148.447,0.825106,528.842,177.271,0.774224,540.64,116.386,0.689299,542.574,146.505,0.798448,544.575,175.284,0.630914,539.976,180.54,0.204391,542.619,180.571,0.199777,542.609,177.923,0.31848,521.646,183.81,0.709825,520.972,181.208,0.769318,532.115,180.567,0.788652
519.698,56.8139,0.840816,526.925,75.7899,0.89325,515.731,76.4796,0.854096,510.538,97.4044,0.901166,510.516,117.7,0.888848,541.283,73.1716,0.799156,547.192,95.4287,0.835336,552.422,113.107,0.860058,531.442,117.023,0.758259,521.654,117.044,0.74614,526.205,148.474,0.819489,528.844,177.918,0.768569,538.689,116.378,0.698661,542.588,145.212,0.765154,547.177,174.638,0.573305,541.951,179.249,0.0918877,555.695,179.225,0.0990801,547.177,175.98,0.262395,521.644,183.828,0.702745,520.969,181.219,0.763292,532.119,181.186,0.79178
517.714,56.8204,0.842016,526.862,75.7579,0.912409,513.143,76.4616,0.827476,509.874,97.4062,0.881625,509.87,117.672,0.853024,539.984,71.8761,0.809408,547.177,94.1192,0.838386,552.401,113.1,0.86344,530.801,116.384,0.733192,521.632,117.67,0.766525,525.553,148.465,0.790582,528.214,177.266,0.770845,538.023,115.719,0.714607,541.926,145.189,0.76194,545.884,174.658,0.570441,541.932,180.55,0.0948148,543.272,181.184,0.0944998,543.912,177.281,0.266736,521.652,183.818,0.702441,520.971,181.214,0.765313,532.119,180.569,0.801842
516.441,56.1519,0.900816,526.227,75.1202,0.90372,511.843,76.4358,0.851208,509.846,96.7577,0.884685,508.56,115.729,0.782853,538.045,71.2395,0.845881,546.531,93.4602,0.824787,552.397,112.47,0.848518,528.852,116.382,0.711761,520.983,117.039,0.749296,524.28,148.463,0.765813,528.195,177.268,0.75865,537.363,115.727,0.740396,538.038,146.502,0.710537,543.253,175.958,0.575093,534.101,183.161,0.129208,551.106,180.562,0.143939,541.287,180.531,0.316926,521.663,183.823,0.702215,520.974,181.22,0.762343,531.489,181.181,0.732735
515.768,55.5281,0.925281,525.572,73.8217,0.839335,511.182,75.8032,0.874027,506.598,96.075,0.84237,505.939,113.132,0.893751,538.014,71.2156,0.87204,546.508,92.1763,0.84904,551.779,112.444,0.85199,527.537,113.777,0.740938,520.317,115.071,0.698905,522.957,147.147,0.754338,527.555,177.264,0.769546,536.701,113.131,0.758393,536.707,144.563,0.79538,539.98,175.946,0.562121,536.691,181.849,0.242489,541.936,181.204,0.231546,537.374,179.893,0.358662,521.662,184.463,0.722423,520.977,181.228,0.776478,531.456,180.562,0.726299
515.103,56.1435,0.882471,524.277,72.5182,0.819421,510.546,75.7778,0.867034,505.949,94.784,0.839443,505.312,112.481,0.900129,537.367,70.5763,0.880721,544.572,92.1415,0.842195,550.47,111.791,0.803695,526.258,113.1,0.795032,517.718,113.131,0.721649,522.309,145.206,0.779688,527.56,176.631,0.767912,534.755,112.468,0.724607,536.686,144.524,0.815277,541.932,175.306,0.660407,537.354,181.213,0.402612,541.958,181.186,0.378681,539.985,179.872,0.383632,521.652,184.465,0.726299,520.967,181.227,0.76591,531.474,180.554,0.757362
513.798,56.1375,0.863622,522.969,71.8833,0.833054,510.512,75.1421,0.855087,505.297,93.4773,0.85813,504.636,112.429,0.83658,536.733,70.567,0.869443,543.911,92.1364,0.84653,549.143,111.794,0.812987,526.212,113.108,0.793105,516.445,113.139,0.749389,521.683,145.189,0.795069,527.547,175.963,0.75582,533.431,112.472,0.741454,532.799,143.853,0.795034,538.685,174.636,0.594199,534.738,181.203,0.403972,538.033,181.186,0.409862,538.687,177.924,0.321285,521.673,183.821,0.691146,520.978,181.211,0.757319,531.464,179.901,0.614577
511.855,56.1671,0.856721,522.295,71.8547,0.881224,509.87,74.4934,0.825328,505.27,92.1834,0.889458,503.964,108.544,0.815601,536.686,70.5437,0.861308,543.267,91.5018,0.845012,547.857,111.796,0.857319,524.927,112.466,0.753703,516.397,113.109,0.779773,521.01,144.555,0.795633,526.92,175.963,0.774658,532.142,112.449,0.762332,531.478,143.852,0.862859,537.38,175.32,0.655762,535.395,184.484,0.563311,538.666,183.166,0.551355,538.021,179.226,0.394435,521.64,184.459,0.719047,520.966,181.215,0.756312,530.825,179.893,0.648007
511.182,56.163,0.903386,521.665,71.2396,0.908649,509.207,74.4926,0.798791,504.631,92.8109,0.860799,502.011,108.529,0.818224,536.049,70.5238,0.834938,542.623,91.4819,0.854931,547.187,111.154,0.855724,524.258,112.455,0.752358,515.776,113.097,0.791033,520.325,144.54,0.776307,526.89,175.328,0.766957,532.116,112.441,0.780411,528.191,143.218,0.82097,534.739,175.962,0.655173,530.813,184.48,0.494587,535.402,183.824,0.522702,536.716,179.89,0.546158,521.001,184.457,0.686838,520.336,181.221,0.705257,530.152,179.88,0.433199
510.528,56.7962,0.89543,521.627,71.2289,0.927532,507.904,75.1141,0.799185,503.959,92.1613,0.849005,500.693,107.868,0.900137,534.743,69.9046,0.80469,542.589,91.4812,0.861971,546.538,111.138,0.826813,522.952,112.458,0.768829,515.756,113.101,0.795108,519.694,144.549,0.749773,526.897,175.317,0.725768,531.465,112.439,0.773913,526.883,143.854,0.853807,530.826,177.272,0.624004,526.887,185.79,0.565231,532.117,185.781,0.570652,532.781,180.541,0.440347,520.333,185.115,0.595219,519.024,181.852,0.605321,531.46,178.574,0.297069
509.21,56.8033,0.827884,520.985,71.216,0.924997,506.602,75.1184,0.822525,502.672,92.1682,0.844737,500.039,107.862,0.918874,533.435,69.2411,0.794603,541.961,91.4796,0.879155,543.924,111.143,0.81685,521.668,112.476,0.804674,515.09,113.118,0.764269,519.022,143.905,0.770519,530.163,170.747,0.562003,530.795,112.452,0.749246,526.214,141.919,0.820751,530.163,179.875,0.673688,521.671,185.122,0.592659,526.897,185.801,0.600825,532.16,181.845,0.588931,520.993,181.188,0.360748,519.684,179.895,0.352436,536.735,170.75,0.319828
506.619,57.4703,0.834108,520.345,71.2041,0.90244,505.973,74.4779,0.830669,502.019,92.1688,0.850405,499.396,107.864,0.887705,532.778,69.2406,0.803187,541.282,91.4749,0.842092,542.624,111.157,0.852835,521.022,112.474,0.802977,513.145,113.106,0.73513,518.373,144.562,0.759247,530.804,170.708,0.523135,528.859,112.46,0.721084,523.618,143.849,0.779085,526.866,180.559,0.753795,520.979,186.415,0.716184,525.566,186.461,0.686558,530.159,182.519,0.551023,530.139,180.527,0.118364,0.0,0.0,0.0,536.061,170.735,0.381569
505.949,57.4671,0.861341,519.021,71.1943,0.866901,505.914,74.4648,0.845975,501.355,92.8069,0.861475,498.073,108.516,0.82736,532.117,68.5824,0.815697,539.34,91.4929,0.853441,541.941,111.807,0.872506,520.339,113.135,0.754628,511.212,113.766,0.744918,517.082,145.857,0.724785,528.847,172.031,0.580833,526.901,113.129,0.746824,522.968,144.543,0.771274,525.575,181.846,0.722807,517.087,187.111,0.694712,521.676,189.702,0.697603,528.192,185.118,0.621912,518.376,180.535,0.266306,516.442,178.578,0.24381,533.44,174.646,0.45275
505.275,58.1051,0.865356,517.717,71.1855,0.882069,505.3,73.8383,0.850249,501.347,92.1924,0.866294,496.143,108.522,0.843062,531.465,67.2967,0.813729,538.021,90.827,0.821937,541.281,111.787,0.828841,519.038,113.126,0.71812,511.184,113.769,0.737022,517.093,147.148,0.707478,528.197,175.982,0.665953,526.245,113.112,0.739453,521.644,145.846,0.768723,521.682,181.855,0.706368,515.091,185.128,0.612029,517.733,186.439,0.605968,525.588,185.799,0.641092,525.56,185.774,0.124822,0.0,0.0,0.0,532.136,180.531,0.596058
504.608,58.7643,0.828337,517.083,70.5823,0.888929,505.302,74.4673,0.849158,501.342,92.8195,0.864996,495.488,109.85,0.83944,530.826,67.2746,0.804885,537.378,90.8477,0.856869,538.023,112.433,0.864407,517.74,113.786,0.718723,511.161,115.069,0.742896,516.431,146.506,0.72427,526.906,175.312,0.686934,526.211,113.769,0.736701,521.002,145.193,0.777198,520.984,181.86,0.69062,511.164,185.776,0.678204,515.113,187.111,0.600914,522.975,186.443,0.594741,515.088,180.528,0.173819,0.0,0.0,0.0,532.105,179.228,0.549481
501.999,58.1097,0.820026,516.428,70.5678,0.907939,505.264,74.4704,0.834608,500.703,93.469,0.873588,494.821,111.787,0.864275,529.518,66.6261,0.797207,536.734,90.8588,0.865201,537.342,113.09,0.891396,517.06,113.783,0.719199,510.518,115.066,0.711905,516.42,147.159,0.686847,527.535,176.624,0.728406,524.926,113.764,0.675084,520.335,146.501,0.705961,518.387,184.471,0.671013,507.245,186.426,0.752946,510.543,189.05,0.718887,521.636,189.05,0.666572,515.786,180.529,0.139971,0.0,0.0,0.0,532.122,180.561,0.700571
500.721,57.4716,0.852988,515.784,70.5596,0.90899,504.631,74.4672,0.811349,500.685,94.7867,0.87468,494.789,112.479,0.907968,527.544,66.0051,0.827609,536.674,90.8443,0.843413,536.675,112.465,0.871002,516.389,113.771,0.764203,509.854,115.069,0.711855,516.391,147.8,0.720783,526.905,176.634,0.764659,522.321,113.128,0.704249,518.368,145.859,0.693013,517.061,186.43,0.76296,505.27,189.718,0.772928,508.548,191.653,0.785981,520.981,191.043,0.767758,519.022,181.862,0.143978,519.042,179.873,0.141604,532.115,180.545,0.700595
500.031,57.4736,0.862611,515.737,70.5277,0.879342,503.982,73.84,0.79196,500.676,96.0724,0.891781,493.491,114.411,0.823752,526.878,65.9586,0.860451,534.751,90.1865,0.79142,534.095,112.467,0.820687,515.73,113.772,0.749362,507.255,114.427,0.689776,515.727,149.094,0.743316,526.877,177.266,0.769297,521.652,113.133,0.728892,516.441,148.448,0.750527,516.434,186.46,0.782142,503.325,192.323,0.781146,506.601,194.296,0.772677,520.991,191.046,0.760717,518.37,181.206,0.153141,517.736,179.243,0.14826,531.482,180.551,0.68656
498.071,57.4656,0.808011,514.457,69.883,0.808575,503.312,73.8211,0.780469,500.068,95.4293,0.898469,492.846,115.069,0.809834,526.208,65.3089,0.829374,532.782,88.237,0.807371,532.14,112.445,0.873272,515.098,113.756,0.736545,507.246,113.786,0.696237,514.449,149.113,0.7142,526.906,175.945,0.802702,521.017,113.12,0.736871,515.786,149.111,0.792036,516.391,187.11,0.791558,503.319,192.991,0.764745,506.587,195.582,0.799018,520.322,191.68,0.779189,520.99,181.857,0.278973,520.978,180.526,0.269037,532.104,177.92,0.689195
495.495,56.1579,0.871321,513.796,68.5782,0.783099,503.319,72.5112,0.78402,500.056,95.4237,0.888496,492.85,115.722,0.801235,524.267,64.0102,0.763236,532.101,86.9193,0.850963,531.435,111.148,0.830748,512.499,113.107,0.729661,505.954,113.13,0.748397,510.517,149.108,0.757428,526.899,174.642,0.761919,520.326,113.095,0.702541,515.759,148.466,0.80307,516.386,187.096,0.783345,503.326,192.993,0.750253,506.607,195.585,0.759,519.699,191.667,0.724277,522.314,181.221,0.334403,521.648,180.531,0.335352,532.111,175.942,0.688621
494.839,56.1699,0.880607,511.857,66.6155,0.811139,502.006,71.2042,0.809788,500.058,94.7671,0.875861,494.145,115.725,0.804249,522.961,62.048,0.758643,530.799,86.2753,0.823587,527.554,111.131,0.80638,511.201,113.099,0.734858,505.291,113.127,0.727633,505.912,147.811,0.777942,525.586,171.39,0.765322,518.377,112.461,0.682504,515.108,147.816,0.767865,516.399,187.738,0.775382,503.323,193.002,0.746693,507.243,195.598,0.752197,520.336,191.674,0.739906,521.67,181.229,0.332499,521.007,180.541,0.336155,530.809,173.34,0.650255
494.127,55.5328,0.85434,511.198,65.9497,0.865578,501.36,70.548,0.806795,500.041,93.4726,0.837183,494.802,115.739,0.817166,521.649,61.379,0.819444,528.847,85.6052,0.76809,526.23,108.538,0.855607,511.165,112.469,0.719785,504.636,113.109,0.691799,502.667,147.157,0.711189,524.26,170.045,0.738308,517.09,112.458,0.663612,515.733,149.132,0.797196,516.4,187.111,0.77473,502.67,193.63,0.732635,506.604,195.6,0.740627,520.97,191.671,0.724609,521.663,179.884,0.312602,521.0,177.937,0.328233,529.501,170.059,0.601661
490.896,55.5142,0.864076,510.512,65.294,0.834325,500.726,70.526,0.79045,500.051,92.8134,0.841002,495.445,113.774,0.855312,519.027,60.0934,0.795821,526.896,84.3,0.800553,523.605,108.55,0.805294,510.489,113.102,0.705173,502.667,113.134,0.666555,500.069,145.18,0.832078,521.674,170.759,0.783064,516.396,112.474,0.689152,515.095,148.47,0.768773,516.386,187.751,0.761235,502.658,193.645,0.731304,506.592,195.61,0.754662,520.348,191.687,0.732701,520.35,181.197,0.237526,519.672,180.517,0.226709,527.542,172.68,0.656527
490.216,55.5052,0.926139,509.204,64.0123,0.774273,500.681,69.2373,0.797634,500.701,92.1705,0.8097,495.464,113.127,0.82493,516.435,59.4272,0.797171,525.575,81.7129,0.805833,521.02,107.908,0.865251,509.849,112.462,0.698899,502.664,113.107,0.675929,497.434,143.906,0.808523,520.345,174.005,0.717618,515.74,112.447,0.686022,513.129,145.849,0.697337,516.414,187.086,0.759022,503.317,193.632,0.731789,506.612,195.597,0.746213,521.0,191.658,0.745948,511.189,178.591,0.172846,511.192,178.591,0.183445,526.208,174.653,0.566283
488.921,55.4977,0.894819,507.902,62.7003,0.743693,500.721,66.6395,0.737152,501.362,92.1623,0.597008,496.115,112.477,0.680484,515.094,58.7741,0.761683,522.313,82.3333,0.798138,517.719,107.896,0.826461,508.549,113.096,0.686946,502.013,113.117,0.690141,495.476,143.909,0.834553,515.758,180.544,0.653741,514.445,112.47,0.655868,511.205,147.814,0.727981,516.426,186.461,0.749303,504.625,192.989,0.73892,507.915,195.589,0.718793,521.014,191.045,0.747622,504.639,186.444,0.372476,505.282,185.125,0.348989,521.008,182.502,0.188189
486.313,55.4913,0.8659,505.969,60.7455,0.767543,500.04,65.2928,0.693847,503.977,87.5874,0.0607357,0.0,0.0,0.0,512.499,58.1191,0.735357,521.005,81.6738,0.856754,515.101,107.853,0.819616,508.567,111.788,0.661591,502.667,111.794,0.67131,494.163,143.237,0.830779,510.5,180.559,0.755398,515.085,111.786,0.623332,511.182,148.457,0.745484,515.759,187.085,0.759235,503.98,192.348,0.780841,507.893,194.956,0.713996,519.695,191.67,0.69981,499.396,187.084,0.704327,500.012,185.753,0.653726,511.829,184.466,0.263937
484.999,55.4824,0.915948,505.945,60.7458,0.749315,500.046,65.2951,0.618231,0.0,0.0,0.0,0.0,0.0,0.0,511.188,58.121,0.773897,518.383,81.6825,0.809281,511.845,107.86,0.828063,508.552,111.156,0.665639,502.009,111.792,0.681521,492.851,143.854,0.801075,505.93,180.553,0.773409,515.085,111.15,0.629039,511.204,149.11,0.745804,515.761,187.114,0.748091,502.022,193.636,0.731979,506.608,196.227,0.740184,519.691,191.696,0.70851,494.81,187.092,0.723499,494.809,185.755,0.684486,507.912,184.464,0.383097
484.312,55.4932,0.898701,504.621,60.7623,0.762054,496.143,65.3047,0.651253,0.0,0.0,0.0,0.0,0.0,0.0,510.513,59.4166,0.768187,516.391,82.3296,0.847352,509.852,107.231,0.811052,506.618,111.138,0.667983,500.722,111.151,0.697501,490.894,143.859,0.812664,500.697,183.159,0.744558,513.8,110.5,0.608513,511.204,148.471,0.710146,515.765,187.749,0.773154,502.023,194.29,0.737122,506.601,196.225,0.738981,519.691,191.701,0.689831,490.219,187.088,0.623225,490.241,185.773,0.609651,503.975,186.457,0.608689
481.07,55.4814,0.859526,501.357,61.3781,0.737874,494.828,65.2948,0.652222,0.0,0.0,0.0,0.0,0.0,0.0,507.256,60.0463,0.742265,515.109,81.6829,0.819367,505.917,107.856,0.831636,505.961,111.135,0.678174,500.678,111.138,0.687257,490.905,143.894,0.770887,495.484,185.133,0.784887,511.848,111.137,0.617906,511.189,149.133,0.777444,515.786,188.407,0.786086,503.319,192.999,0.73852,507.252,195.588,0.712141,520.328,191.711,0.721136,484.984,186.462,0.680087,485.016,185.777,0.658988,499.381,188.416,0.688479
479.784,56.1585,0.852163,500.703,61.3765,0.699279,495.455,64.6556,0.565893,0.0,0.0,0.0,0.0,0.0,0.0,505.283,60.0516,0.773826,511.84,81.6781,0.84318,504.622,107.204,0.790413,505.264,112.433,0.668563,499.387,111.809,0.64902,490.886,144.563,0.774132,490.24,185.113,0.771563,510.532,112.435,0.633267,510.531,149.782,0.766312,515.774,189.067,0.781426,502.657,192.996,0.733501,506.607,195.591,0.715597,519.698,192.343,0.680045,479.099,185.76,0.634112,479.751,184.46,0.592547,494.148,189.063,0.714758
479.083,56.8097,0.839854,499.386,61.3848,0.68637,493.503,64.6618,0.55288,496.121,92.1469,0.0612151,0.0,0.0,0.0,503.964,60.0682,0.746134,510.5,81.7131,0.829759,500.706,107.875,0.841943,503.961,112.437,0.637695,497.439,112.443,0.616336,490.229,145.852,0.768101,488.902,185.128,0.745626,509.846,111.809,0.607104,510.494,150.417,0.779995,515.745,189.719,0.783367,501.367,194.294,0.734878,505.965,196.232,0.720713,519.674,192.35,0.672286,475.177,185.757,0.621647,475.83,183.809,0.574902,490.252,189.721,0.73988
475.191,57.4495,0.812888,495.478,62.043,0.670216,490.229,65.3388,0.601092,0.0,0.0,0.0,0.0,0.0,0.0,500.067,60.0517,0.77497,507.912,81.6842,0.821862,500.021,107.881,0.814365,502.02,112.442,0.676341,496.123,112.464,0.671608,489.595,148.465,0.772714,485.642,185.803,0.779246,508.556,111.802,0.632495,509.846,150.417,0.754951,515.743,190.345,0.781574,501.348,194.283,0.707714,505.951,196.233,0.701752,519.042,192.353,0.674034,473.877,185.762,0.673765,474.532,184.469,0.643469,489.556,191.015,0.780518
473.865,58.7742,0.805773,494.803,61.4055,0.657432,489.563,65.3121,0.564666,0.0,0.0,0.0,0.0,0.0,0.0,499.372,60.0612,0.752231,505.303,82.3393,0.828845,496.773,108.518,0.778537,501.345,111.148,0.653372,495.474,111.792,0.627334,488.928,148.45,0.754773,484.989,186.439,0.818533,506.6,111.132,0.620047,506.614,149.766,0.736117,515.748,189.722,0.788329,501.367,194.306,0.723433,505.961,196.237,0.711507,519.686,192.351,0.686065,471.898,186.434,0.678354,473.831,185.777,0.687771,488.912,191.044,0.79798
472.553,60.103,0.809286,493.492,62.7051,0.649721,488.268,65.3284,0.563282,492.846,94.7733,0.0637396,490.207,105.916,0.100195,496.773,60.7235,0.762131,503.978,81.7098,0.797847,495.452,109.175,0.750104,500.029,112.474,0.654402,494.79,113.122,0.613219,488.253,149.102,0.74272,484.998,187.087,0.811469,505.267,112.446,0.617914,505.933,150.446,0.757718,515.738,190.349,0.789021,501.354,194.935,0.715229,505.961,196.242,0.701298,519.673,192.354,0.67527,470.594,190.375,0.700397,472.552,188.411,0.64341,489.546,191.66,0.786158
471.23,61.3811,0.813593,491.525,63.9911,0.638367,486.949,65.967,0.499549,490.235,92.8224,0.0682719,0.0,0.0,0.0,495.446,60.7459,0.786246,501.345,82.3411,0.810489,494.131,109.178,0.73873,500.027,111.795,0.663312,494.8,112.445,0.611237,486.96,149.119,0.736837,484.991,187.081,0.814647,504.637,111.138,0.623048,503.973,149.794,0.733989,515.116,190.344,0.775722,501.352,194.933,0.722245,505.948,196.235,0.70961,519.028,192.344,0.676473,469.939,190.368,0.713312,471.888,188.399,0.634947,488.925,191.653,0.778773
468.648,63.3477,0.802568,490.211,62.0549,0.652664,484.995,65.3295,0.52238,0.0,0.0,0.0,0.0,0.0,0.0,494.136,60.1025,0.768464,500.042,84.3009,0.833626,490.253,109.845,0.774294,500.041,109.177,0.663338,495.466,110.482,0.561079,500.013,149.112,0.650293,514.452,188.4,0.654465,503.961,108.534,0.633837,488.27,149.121,0.606745,484.993,187.097,0.696194,470.59,189.719,0.649947,473.869,191.652,0.716074,488.909,191.665,0.676234,500.058,194.941,0.50936,502.014,192.979,0.448329,518.377,191.69,0.587777
467.313,65.334,0.760169,486.311,64.6427,0.65789,483.01,65.968,0.493617,485.641,96.753,0.0656027,0.0,0.0,0.0,490.228,60.7567,0.800013,499.372,84.3129,0.791252,490.198,110.49,0.785302,496.782,111.79,0.627686,491.539,112.432,0.571328,484.967,149.756,0.810651,484.357,187.114,0.798607,502.017,111.14,0.607216,493.493,148.456,0.727768,513.796,187.108,0.738576,502.008,194.301,0.72609,506.609,195.589,0.665889,517.724,191.031,0.707638,469.933,191.027,0.716906,471.228,189.709,0.636209,488.897,191.673,0.793903
464.715,66.6483,0.737491,484.982,65.3199,0.704697,479.755,68.5825,0.483129,0.0,0.0,0.0,0.0,0.0,0.0,489.544,62.6978,0.733847,496.141,86.2411,0.819348,488.269,110.496,0.74534,496.115,111.143,0.646244,490.894,111.788,0.569182,483.009,149.127,0.724542,484.362,187.091,0.808595,500.726,111.134,0.624959,488.913,148.454,0.762765,511.825,185.782,0.765114,501.348,193.629,0.752093,506.6,194.283,0.654499,516.439,189.048,0.670562,469.931,191.038,0.728517,471.238,190.34,0.647687,488.904,191.045,0.772038
461.413,68.5839,0.668249,483.019,65.9701,0.653634,476.491,69.895,0.471915,0.0,0.0,0.0,0.0,0.0,0.0,486.302,64.6667,0.72801,494.833,86.9357,0.881794,485.664,112.451,0.807417,496.784,110.492,0.623509,492.847,110.487,0.540036,481.707,148.453,0.650075,484.962,187.086,0.796188,501.37,111.146,0.625957,484.332,146.51,0.730066,509.855,183.807,0.744366,499.393,192.322,0.733864,504.638,192.334,0.660166,514.445,185.78,0.632573,469.291,191.034,0.698587,470.584,190.341,0.616042,488.913,191.05,0.731818
459.454,71.8538,0.76549,481.713,67.2835,0.606889,477.789,70.5546,0.452174,0.0,0.0,0.0,0.0,0.0,0.0,484.963,65.3256,0.798019,494.772,88.8777,0.816633,484.99,113.099,0.846061,497.43,111.799,0.651495,494.137,111.788,0.560837,481.069,147.812,0.667876,484.35,186.434,0.777199,501.368,112.438,0.683741,481.713,145.207,0.709432,503.986,181.845,0.761279,494.786,191.709,0.69388,499.376,191.698,0.688779,508.566,184.484,0.650785,469.92,191.024,0.689531,471.23,189.715,0.591628,488.258,191.005,0.618517
457.484,75.115,0.77464,479.092,69.8925,0.676402,474.501,71.2199,0.499236,481.708,92.1757,0.0578922,0.0,0.0,0.0,482.372,66.6301,0.719107,493.491,90.1888,0.783365,484.304,113.784,0.830554,496.788,111.792,0.656561,493.497,111.79,0.5753,479.096,147.158,0.696553,481.728,185.793,0.714721,501.364,111.801,0.694191,479.11,145.203,0.792538,495.467,185.768,0.70334,484.315,191.693,0.64522,488.923,192.98,0.619964,500.722,189.707,0.625295,469.94,191.02,0.702483,471.228,190.338,0.583819,484.337,189.725,0.483746
457.489,76.4609,0.718715,474.542,70.5802,0.727704,469.935,73.8317,0.516154,479.757,92.1694,0.0753877,0.0,0.0,0.0,479.739,69.2443,0.763377,490.897,91.4897,0.838956,481.725,115.726,0.778334,496.117,111.806,0.671075,491.547,111.798,0.57697,477.125,147.148,0.627497,483.01,185.805,0.63445,500.704,112.435,0.700301,477.138,145.212,0.7024,489.565,187.1,0.708417,473.2,191.702,0.663651,477.13,194.302,0.562122,494.786,191.67,0.71153,469.277,191.017,0.562377,469.945,189.713,0.452801,484.996,189.061,0.161755
452.935,76.484,0.799905,474.518,72.5169,0.684846,469.951,75.1344,0.53001,479.764,96.7433,0.113148,0.0,0.0,0.0,478.446,71.2122,0.765143,489.585,93.4663,0.846638,479.773,117.687,0.852857,495.462,113.117,0.68173,490.9,113.121,0.57357,475.188,148.454,0.545436,484.341,185.76,0.514646,500.032,113.121,0.712982,474.533,145.862,0.740704,484.326,189.053,0.699722,468.6,191.681,0.746122,471.902,194.946,0.683843,488.924,191.705,0.701181,470.585,188.396,0.24119,473.176,186.455,0.243731,490.87,190.34,0.216075
453.54,79.0628,0.526741,473.204,74.4678,0.643169,468.627,75.7944,0.510993,0.0,0.0,0.0,0.0,0.0,0.0,476.467,71.8528,0.720949,488.922,94.125,0.811548,479.089,118.358,0.859263,494.814,113.098,0.654744,490.234,113.093,0.549121,474.523,147.804,0.479983,483.678,185.782,0.492085,499.399,113.109,0.691416,473.852,147.145,0.730211,479.771,189.706,0.670839,462.057,192.338,0.707078,464.709,195.614,0.692111,485.016,192.993,0.612297,463.378,190.369,0.187825,467.95,186.449,0.175956,490.213,190.372,0.286733
452.892,82.999,0.726448,469.919,75.7707,0.68043,466.661,77.0992,0.491628,477.14,98.7041,0.131386,477.774,118.35,0.0618777,473.865,72.5352,0.757714,486.953,96.0884,0.789137,477.773,119.007,0.797975,495.443,113.768,0.627491,490.25,113.762,0.531074,475.184,148.455,0.619381,484.31,187.087,0.716935,500.017,113.782,0.672806,470.577,147.818,0.730541,473.213,191.022,0.748668,456.84,192.319,0.765089,459.464,195.603,0.76529,477.774,195.6,0.598105,467.962,185.751,0.0581099,0.0,0.0,0.0,487.611,191.662,0.639701
450.937,86.2789,0.767838,469.27,77.1138,0.701438,464.712,81.0084,0.526794,476.467,101.323,0.144763,476.488,121.628,0.0740712,473.828,75.7979,0.784516,485.644,97.4012,0.851595,475.171,121.618,0.8003,495.446,117.026,0.634429,491.535,117.031,0.523034,475.182,149.789,0.687567,484.349,189.704,0.724688,498.727,117.027,0.674684,469.254,149.095,0.803422,468.624,191.03,0.792945,452.877,192.339,0.756934,456.168,196.239,0.743226,472.536,196.256,0.656267,474.505,192.336,0.097477,0.0,0.0,0.0,488.271,192.338,0.589973
448.347,87.5696,0.805221,468.592,80.3785,0.697998,464.033,82.351,0.525243,474.546,102.648,0.107757,0.0,0.0,0.0,471.229,77.0934,0.732714,484.985,99.3653,0.838695,474.484,122.929,0.85659,494.791,117.702,0.649042,490.236,117.704,0.559553,474.539,149.781,0.700708,484.361,188.392,0.740591,497.438,117.709,0.681573,467.941,149.11,0.77455,465.363,191.655,0.75758,449.641,194.295,0.745649,453.557,196.276,0.810967,469.288,196.243,0.729996,474.5,191.006,0.322461,474.545,189.048,0.244501,488.899,191.686,0.619196
447.006,90.1998,0.801442,466.013,81.0334,0.684166,463.377,82.3447,0.529984,474.529,103.285,0.0952524,0.0,0.0,0.0,469.284,80.3526,0.751438,484.312,101.985,0.885851,473.211,124.24,0.838339,494.148,119.0,0.626134,490.213,118.997,0.559055,473.825,150.425,0.683771,484.338,187.113,0.744144,496.769,119.018,0.658263,464.702,149.763,0.789429,465.998,191.677,0.768325,448.995,195.6,0.769734,453.551,196.926,0.799505,469.292,196.254,0.733964,474.5,190.376,0.329457,474.545,188.398,0.257946,488.266,191.66,0.637387
445.702,92.1345,0.807864,464.039,82.9891,0.697076,460.122,86.2506,0.533143,473.845,107.2,0.151452,473.862,122.925,0.0679557,467.97,81.6587,0.784049,483.018,103.938,0.781885,469.938,126.201,0.786507,492.843,120.303,0.599824,489.561,120.305,0.53205,472.539,151.093,0.644644,484.316,187.762,0.734406,495.482,120.312,0.667956,464.025,149.785,0.826066,465.352,191.705,0.770914,448.986,196.23,0.81497,453.538,196.946,0.805642,469.283,196.275,0.723252,473.868,191.005,0.318492,474.512,189.048,0.253749,487.619,191.671,0.63275
443.764,94.7779,0.733336,463.358,85.6013,0.690847,458.824,86.9236,0.516238,471.906,107.237,0.10258,0.0,0.0,0.0,465.339,82.3492,0.731576,481.055,106.565,0.810832,468.601,128.18,0.826658,490.873,122.27,0.621354,486.955,122.26,0.525535,469.287,153.046,0.720336,484.309,187.755,0.740542,494.808,122.285,0.667168,460.767,149.784,0.783534,465.34,191.701,0.773166,449.629,196.264,0.818979,453.563,197.568,0.802752,469.283,196.263,0.733636,473.876,191.032,0.323862,474.519,189.71,0.248355,487.61,191.658,0.646122
442.428,96.7643,0.874102,462.066,86.9307,0.696641,458.147,88.244,0.525723,470.577,111.143,0.084542,0.0,0.0,0.0,464.696,86.2556,0.750857,479.731,109.833,0.824939,465.357,129.496,0.765118,490.226,123.59,0.634378,486.311,123.583,0.513625,467.305,153.057,0.693229,483.682,187.74,0.740326,493.493,123.609,0.670605,458.808,149.774,0.837921,464.681,191.7,0.790401,448.979,196.251,0.826019,452.928,197.563,0.807654,469.26,196.253,0.74328,473.858,191.036,0.339085,474.508,190.345,0.259024,486.961,191.039,0.671075
442.439,98.0462,0.832341,460.118,90.2029,0.656658,458.142,91.4973,0.541037,469.306,112.453,0.0913676,0.0,0.0,0.0,463.4,88.228,0.76219,479.091,112.422,0.855982,464.01,132.731,0.782316,489.587,124.907,0.597484,486.306,124.256,0.480462,464.053,153.714,0.714589,483.684,187.108,0.737627,491.529,126.207,0.650979,458.121,149.796,0.818547,464.685,191.698,0.797945,449.628,196.252,0.803222,453.558,197.562,0.799225,469.264,196.245,0.767806,473.879,191.667,0.334557,474.53,190.36,0.251472,487.609,191.021,0.673948
440.479,101.994,0.856995,458.832,92.1578,0.689512,457.477,92.8249,0.501358,469.266,113.777,0.0973323,0.0,0.0,0.0,463.354,91.4981,0.767323,477.793,113.134,0.832503,462.066,133.432,0.796309,488.899,128.178,0.617024,484.99,128.156,0.516315,463.378,153.041,0.669861,483.009,187.094,0.713724,490.236,128.826,0.702175,456.174,150.437,0.748758,464.059,191.708,0.809733,449.629,196.264,0.811003,453.555,197.572,0.812528,468.646,196.245,0.796197,473.854,191.028,0.349933,474.516,189.719,0.274803,485.665,191.014,0.681608
439.158,102.661,0.811226,458.791,92.8327,0.670419,456.184,94.1338,0.474406,468.623,117.699,0.117449,462.734,134.054,0.0570183,460.771,92.1543,0.758902,475.814,117.017,0.796182,459.451,134.077,0.81358,487.601,130.125,0.567916,484.976,129.482,0.479547,460.752,153.687,0.62821,482.374,186.427,0.723632,489.585,130.786,0.654655,454.223,153.696,0.759226,464.066,191.7,0.808848,449.001,196.281,0.805688,453.566,197.583,0.793278,469.255,196.229,0.815154,473.857,191.039,0.422996,474.516,190.347,0.341956,485.655,189.714,0.646353
437.883,107.211,0.851136,458.147,96.7269,0.655093,455.518,97.3861,0.452155,467.972,117.672,0.0532118,0.0,0.0,0.0,459.445,95.4375,0.746755,475.18,118.333,0.842563,458.779,134.706,0.839733,487.615,132.106,0.580492,485.643,131.451,0.453778,459.459,153.048,0.626521,481.072,185.751,0.714528,489.555,132.76,0.665201,453.551,154.354,0.821049,464.054,191.699,0.817902,448.992,196.283,0.791908,453.565,197.585,0.787966,468.644,196.225,0.825176,473.214,190.36,0.416292,473.871,187.751,0.342657,485.64,187.095,0.677619
437.205,107.895,0.836642,456.831,98.059,0.649849,453.588,98.0648,0.543649,467.967,120.956,0.0856972,459.462,133.415,0.0547527,458.781,97.4157,0.77968,474.532,120.955,0.797487,458.16,134.079,0.827247,485.663,134.075,0.615439,484.989,134.057,0.470144,456.832,154.358,0.66345,481.708,185.756,0.716003,487.604,134.73,0.675357,452.916,155.011,0.821323,464.051,191.708,0.814733,448.973,196.891,0.796716,453.547,198.215,0.780332,468.642,196.226,0.826679,473.834,190.367,0.448406,474.491,188.39,0.363974,485.637,186.469,0.680045
437.845,111.807,0.847367,456.834,101.953,0.6358,453.584,100.673,0.528474,466.654,122.911,0.0846564,455.528,134.07,0.059032,458.79,101.971,0.747633,473.875,122.95,0.861876,457.494,138.619,0.798955,486.305,136.676,0.592636,486.294,136.022,0.453626,456.836,155.68,0.677316,480.413,185.131,0.728496,486.962,137.97,0.652298,450.28,154.342,0.735261,464.039,192.325,0.808986,448.966,196.891,0.808774,452.922,198.213,0.79132,468.637,196.23,0.82253,473.195,190.355,0.39122,473.853,187.745,0.314234,485.007,186.453,0.676604
436.53,113.134,0.788978,455.524,103.279,0.658185,452.927,102.653,0.562863,464.038,124.888,0.0927197,0.0,0.0,0.0,458.784,102.659,0.755686,474.49,124.888,0.814844,456.82,138.637,0.7843,484.974,139.292,0.654184,482.376,138.655,0.487918,452.903,154.379,0.627709,480.417,185.115,0.711097,486.296,139.946,0.706748,449.637,155.681,0.703791,464.044,192.329,0.812564,448.976,196.915,0.791235,453.556,198.239,0.775995,468.641,196.233,0.837812,473.194,190.367,0.381995,473.843,187.752,0.309176,485.632,186.432,0.638453
436.547,117.051,0.825037,454.239,106.556,0.639964,452.89,105.918,0.51148,462.721,125.55,0.0729389,0.0,0.0,0.0,458.149,105.897,0.728101,474.511,125.551,0.778976,456.835,139.284,0.781805,484.34,142.558,0.598479,481.722,140.615,0.444457,452.889,155.015,0.6215,479.746,183.826,0.695782,485.641,143.227,0.705981,448.351,155.029,0.75876,464.031,192.331,0.813025,448.98,196.922,0.778123,453.562,198.867,0.768913,468.635,196.242,0.848104,472.545,190.362,0.328556,473.211,187.741,0.258505,484.993,185.778,0.611703
437.162,118.376,0.797168,453.593,107.902,0.688752,451.607,107.888,0.544903,462.713,128.835,0.167635,449.63,137.994,0.0917003,458.125,107.882,0.745899,473.856,128.826,0.801746,453.574,141.929,0.798733,482.376,143.898,0.624044,480.398,143.876,0.485892,452.924,158.934,0.602927,479.747,184.463,0.743383,484.333,144.54,0.728391,447.689,156.331,0.695839,464.029,192.352,0.808722,448.988,196.924,0.765636,453.57,198.874,0.763791,468.632,196.252,0.847016,472.548,191.009,0.395452,473.824,189.059,0.302697,484.989,185.761,0.673818
437.165,122.274,0.790618,454.205,111.137,0.671771,451.586,110.497,0.540546,461.415,132.102,0.296788,448.308,142.566,0.339952,458.143,109.196,0.721031,473.842,132.092,0.796179,452.905,143.868,0.807638,480.417,144.563,0.622775,479.079,144.532,0.501231,452.257,158.276,0.577566,478.441,182.522,0.712292,483.686,145.854,0.683289,446.994,159.596,0.687126,464.031,192.332,0.814387,449.629,196.921,0.754158,453.587,198.867,0.75935,468.642,196.236,0.8271,471.892,191.002,0.323177,472.547,188.408,0.236934,484.311,184.476,0.610151
436.545,123.57,0.733674,453.569,112.47,0.7512,449.651,112.461,0.611524,459.456,133.422,0.373907,447.0,143.88,0.364548,458.126,112.465,0.756724,473.209,133.407,0.824862,450.285,144.553,0.786102,479.755,149.105,0.684338,476.48,148.445,0.540427,449.641,159.58,0.520615,478.437,183.168,0.728143,483.664,149.759,0.728678,445.05,159.589,0.560077,463.405,192.348,0.803968,448.985,196.918,0.742347,453.569,198.869,0.73345,468.622,196.258,0.813811,472.553,191.677,0.415078,473.205,190.373,0.334051,483.688,183.825,0.60681
437.171,126.859,0.720819,453.547,113.126,0.775137,449.0,113.11,0.662915,459.452,132.752,0.341153,447.672,138.636,0.420754,457.487,113.12,0.755266,473.189,136.026,0.781743,448.979,145.855,0.78704,479.751,149.138,0.673725,477.127,148.47,0.527347,448.322,158.935,0.533942,477.795,183.157,0.729599,483.013,150.421,0.694829,443.072,159.572,0.675055,463.387,192.341,0.806633,448.997,196.925,0.719672,453.578,198.867,0.71479,468.612,196.242,0.800115,472.542,191.69,0.466917,473.203,190.991,0.36527,483.025,183.818,0.643854
437.189,128.19,0.785742,453.559,116.375,0.721848,449.647,115.071,0.592243,455.534,134.731,0.304447,442.424,143.905,0.557665,458.118,116.377,0.709339,472.557,137.983,0.804328,448.979,147.158,0.799237,479.075,149.8,0.620595,475.817,149.131,0.480569,446.36,158.931,0.53986,477.794,183.161,0.726738,480.406,151.733,0.672819,441.783,159.573,0.705525,463.396,192.331,0.812623,449.636,196.93,0.718968,454.208,198.868,0.719655,468.616,195.609,0.775751,473.178,191.697,0.501591,473.832,190.997,0.397247,483.027,183.814,0.637798
437.208,130.796,0.74192,452.933,117.685,0.756765,448.347,117.693,0.637089,456.182,137.969,0.354562,442.398,144.556,0.556321,458.125,117.679,0.750802,473.194,139.28,0.84206,448.991,148.442,0.812817,478.435,153.698,0.608679,474.514,150.448,0.465402,444.398,158.928,0.511007,477.773,181.872,0.745225,479.77,154.994,0.737112,438.518,158.942,0.748388,463.388,191.706,0.816551,450.279,196.924,0.716441,454.215,198.23,0.717007,468.614,194.96,0.741785,473.193,191.681,0.536365,473.831,190.988,0.422794,483.019,182.505,0.669519
436.55,132.752,0.748758,452.931,118.358,0.762157,448.34,118.342,0.652161,449.644,134.732,0.274995,441.756,143.88,0.565036,458.131,118.369,0.727964,473.178,140.611,0.789426,449.624,149.097,0.827318,477.781,154.361,0.579416,473.87,151.739,0.411385,443.753,156.314,0.541446,475.188,181.847,0.726737,479.741,155.672,0.701948,438.496,159.579,0.769992,463.376,191.683,0.815987,450.278,196.916,0.731091,454.216,198.217,0.734987,468.608,194.294,0.705243,472.539,191.657,0.417212,473.182,190.37,0.313956,481.054,182.521,0.637516
434.587,133.43,0.671163,452.927,121.616,0.745649,448.33,120.322,0.634165,454.866,139.298,0.353693,442.431,144.525,0.508796,458.13,121.611,0.704332,473.177,143.23,0.830241,448.996,149.134,0.846887,475.829,155.676,0.559629,473.852,154.369,0.4362,446.346,158.93,0.521132,475.186,181.844,0.729567,479.088,158.929,0.679126,437.845,159.585,0.807935,463.369,191.652,0.811803,450.278,196.914,0.729972,454.219,197.593,0.734183,468.608,192.355,0.692867,472.536,191.029,0.427504,473.193,190.348,0.312617,481.052,182.515,0.628078
437.169,135.387,0.615041,452.929,122.265,0.709509,448.972,121.625,0.591184,456.182,140.613,0.30391,442.455,144.56,0.375455,457.468,122.267,0.700136,473.207,143.868,0.845241,448.353,149.766,0.848304,475.176,157.638,0.511353,473.864,155.664,0.382796,443.754,158.285,0.386557,475.186,181.208,0.715981,477.78,159.603,0.654919,437.207,159.61,0.800929,463.374,191.022,0.798375,450.284,196.916,0.726312,454.861,197.584,0.716273,468.62,191.708,0.699182,473.189,191.012,0.423508,473.212,189.71,0.289772,480.426,181.862,0.60795
436.546,138.003,0.678602,452.924,122.957,0.724411,448.356,123.575,0.59869,457.476,142.579,0.265783,443.069,144.559,0.351236,457.483,122.954,0.746869,472.558,144.539,0.819318,448.329,149.786,0.863116,475.171,159.607,0.537399,473.863,158.283,0.375073,445.696,158.93,0.388139,475.183,180.573,0.723843,477.778,160.926,0.649054,437.181,160.229,0.812043,463.367,191.03,0.818744,450.281,196.916,0.740747,454.219,197.587,0.746393,468.614,191.697,0.731727,473.21,190.369,0.466411,473.859,188.412,0.336759,480.42,181.209,0.581336
437.174,138.635,0.663267,452.923,123.587,0.748168,448.35,123.582,0.640121,457.483,143.224,0.259771,443.075,145.203,0.380551,457.482,123.595,0.716169,473.21,145.206,0.8038,448.966,150.438,0.82772,474.524,160.258,0.531118,473.853,159.587,0.363509,443.75,158.934,0.335033,475.156,180.564,0.701763,476.477,162.225,0.632561,436.522,160.237,0.80399,463.369,191.034,0.825888,450.296,196.921,0.736677,454.862,197.589,0.737883,468.609,191.703,0.751611,473.844,190.373,0.456121,473.874,189.048,0.336236,480.396,181.188,0.556903
436.532,139.289,0.633269,452.926,126.207,0.653291,448.341,126.208,0.526488,456.825,144.552,0.213756,443.102,149.112,0.21564,458.116,125.55,0.679594,473.831,146.512,0.796438,451.586,150.438,0.799323,474.492,162.209,0.533209,472.552,160.26,0.371017,443.077,158.928,0.337962,474.517,180.555,0.72966,475.183,164.811,0.654188,435.894,160.233,0.803384,463.372,191.033,0.835279,450.949,196.923,0.735668,454.879,197.59,0.738672,468.608,191.702,0.756045,473.851,190.999,0.496356,474.493,189.704,0.375388,479.767,180.559,0.585781
437.167,141.929,0.575801,452.905,126.855,0.621353,448.331,126.867,0.48212,456.824,145.839,0.156661,445.707,150.423,0.127758,456.833,125.552,0.662936,473.188,148.439,0.80246,450.282,151.746,0.771967,473.865,163.519,0.504272,471.896,160.908,0.347595,443.734,159.582,0.31473,474.491,180.556,0.706304,475.164,164.852,0.645028,435.881,160.252,0.797125,463.382,191.027,0.842738,450.943,196.914,0.749142,454.87,197.583,0.753047,468.613,191.686,0.773175,473.207,189.721,0.381648,473.847,187.741,0.285642,479.739,181.206,0.56489
436.534,143.874,0.624887,452.89,127.519,0.620634,448.302,128.159,0.468426,456.17,147.152,0.13295,445.709,151.078,0.10832,456.83,126.849,0.659355,472.556,148.461,0.81592,448.982,152.4,0.790114,473.841,163.528,0.492796,469.931,160.268,0.343638,443.084,159.606,0.273648,473.85,181.188,0.623904,475.177,165.48,0.631895,435.878,160.264,0.807169,463.371,191.024,0.841971,450.949,196.904,0.749333,454.873,197.575,0.752816,468.611,191.682,0.774927,473.196,189.717,0.26852,473.846,187.104,0.17752,479.083,182.515,0.516425
437.171,144.552,0.609543,452.892,128.143,0.60216,448.346,128.164,0.443227,456.826,146.509,0.116098,447.649,150.425,0.0707698,454.886,126.214,0.667185,472.552,148.448,0.8083,448.351,153.049,0.803336,473.851,164.81,0.484398,469.942,160.915,0.309098,443.091,159.603,0.25505,473.834,181.212,0.567454,475.174,165.51,0.624562,436.527,160.262,0.818612,463.387,191.014,0.849036,450.943,196.911,0.752983,454.868,197.583,0.762211,468.626,191.666,0.792795,473.206,189.716,0.191654,473.868,186.466,0.111606,478.436,183.173,0.493271
437.189,144.562,0.488669,452.885,128.18,0.575429,448.346,128.836,0.387834,454.866,145.853,0.0562796,0.0,0.0,0.0,455.515,126.847,0.654933,472.552,148.45,0.800714,448.348,153.683,0.813662,473.846,164.837,0.472942,469.936,162.217,0.291278,442.438,160.233,0.207386,473.839,181.849,0.549936,475.817,166.151,0.590211,437.179,160.261,0.802717,464.011,191.02,0.844953,450.934,196.929,0.731174,454.876,198.217,0.743156,469.262,191.677,0.744077,473.88,190.348,0.13362,0.0,0.0,0.0,478.447,183.829,0.490451
437.203,144.562,0.479028,452.891,128.178,0.582031,448.336,128.816,0.406062,453.565,145.845,0.0549968,0.0,0.0,0.0,455.533,127.492,0.647661,473.183,148.452,0.800437,448.344,153.058,0.815869,473.831,164.826,0.465002,469.281,161.564,0.293904,442.419,159.609,0.214468,472.553,182.516,0.51207,475.813,166.141,0.589744,437.173,160.253,0.81069,464.011,191.01,0.831731,450.288,196.924,0.740153,454.865,198.213,0.746524,469.268,191.663,0.727085,0.0,0.0,0.0,0.0,0.0,0.0,477.78,185.124,0.486375
437.827,144.545,0.36991,452.883,128.17,0.606008,448.317,128.179,0.442784,454.208,145.839,0.0629173,0.0,0.0,0.0,456.168,127.509,0.648605,473.177,148.456,0.787454,448.324,153.053,0.816807,473.194,164.164,0.442813,468.628,160.264,0.295648,442.423,159.6,0.209107,473.191,181.878,0.483413,475.178,165.495,0.584655,437.174,160.253,0.814517,464.01,191.006,0.830455,450.283,196.914,0.74057,454.868,197.586,0.742581,469.27,191.667,0.736719,0.0,0.0,0.0,0.0,0.0,0.0,477.792,185.121,0.457509
437.828,146.496,0.47673,452.885,128.154,0.587666,448.336,128.154,0.439117,455.526,145.858,0.0760515,0.0,0.0,0.0,454.864,126.867,0.657617,472.539,147.821,0.777383,448.319,153.037,0.802508,473.845,164.179,0.435627,469.942,160.911,0.27136,443.743,159.599,0.195901,473.191,181.856,0.505787,475.169,165.503,0.583916,436.539,160.249,0.816468,464.011,190.996,0.82887,450.298,196.918,0.737558,454.881,197.586,0.739659,469.273,191.659,0.733032,473.884,190.37,0.0639051,0.0,0.0,0.0,477.793,184.47,0.462413
437.84,146.495,0.489449,452.253,128.14,0.580769,448.331,127.511,0.45795,456.834,145.858,0.10505,0.0,0.0,0.0,454.208,126.857,0.683884,471.899,147.165,0.759689,448.341,152.396,0.78868,473.87,164.179,0.455496,471.895,161.567,0.284244,444.404,159.599,0.23619,473.213,181.224,0.555888,475.175,165.496,0.604443,436.525,160.256,0.808956,464.011,191.009,0.836728,450.296,196.926,0.731804,454.876,197.594,0.737813,469.269,191.67,0.743663,473.862,190.362,0.116236,0.0,0.0,0.0,478.447,183.815,0.479612
437.835,145.849,0.454935,452.877,127.517,0.581978,448.338,126.867,0.45283,456.174,145.211,0.0927778,0.0,0.0,0.0,454.232,126.862,0.668699,471.249,147.796,0.762005,448.335,152.381,0.793276,473.867,164.169,0.455538,471.894,161.553,0.290517,443.752,159.588,0.233098,473.837,181.204,0.57767,475.174,165.49,0.6025,436.523,160.258,0.80515,463.407,191.008,0.834753,450.294,196.926,0.740871,454.873,197.595,0.747705,469.268,191.667,0.751485,473.855,190.354,0.137041,0.0,0.0,0.0,479.074,183.164,0.489642
437.834,145.84,0.471347,452.263,127.521,0.584553,448.325,127.514,0.446366,454.877,146.495,0.108406,447.01,152.399,0.0655053,454.865,126.845,0.655772,470.596,147.158,0.769834,448.324,152.386,0.797128,473.854,163.512,0.46765,470.587,160.268,0.31641,442.442,159.601,0.26915,473.832,181.21,0.586926,475.169,164.843,0.61903,436.519,160.267,0.781177,463.407,191.012,0.828045,450.283,196.928,0.732182,454.865,198.215,0.737964,469.267,191.671,0.727453,473.855,190.368,0.140196,0.0,0.0,0.0,479.081,183.168,0.500405
437.824,145.847,0.436136,452.886,128.143,0.602654,448.32,127.522,0.451723,456.17,145.849,0.112247,447.024,151.737,0.0670767,456.177,127.492,0.65492,470.589,147.811,0.780722,448.329,151.751,0.793897,473.845,163.53,0.457355,470.582,160.909,0.306379,441.773,159.599,0.186409,473.843,181.192,0.559641,475.169,165.47,0.608297,436.532,160.262,0.784837,463.403,191.014,0.825437,449.639,196.936,0.73375,454.232,198.221,0.735124,469.263,191.673,0.746798,473.87,190.358,0.207489,474.501,187.103,0.106884,479.083,182.512,0.471941
437.838,146.495,0.444538,452.899,128.149,0.608439,448.324,128.15,0.447735,454.877,146.51,0.113673,447.024,152.391,0.0656665,456.825,127.511,0.666303,470.591,148.444,0.789301,448.336,152.389,0.79326,473.847,164.173,0.474406,469.945,160.917,0.31539,442.423,159.611,0.204666,473.857,181.179,0.617708,475.17,165.483,0.61987,436.521,160.269,0.783996,463.402,191.014,0.825698,449.633,196.936,0.733299,454.226,198.221,0.733837,469.257,191.671,0.750174,473.871,190.369,0.29432,474.506,187.749,0.181769,479.1,181.856,0.502171
437.858,147.151,0.480266,452.899,128.171,0.62093,448.303,128.153,0.440424,453.576,147.817,0.100733,447.021,153.691,0.0553447,457.488,128.168,0.683566,471.234,149.085,0.808149,448.335,152.402,0.794807,473.844,164.176,0.463439,469.93,160.915,0.309282,439.809,160.232,0.175973,473.862,181.203,0.558731,475.181,165.487,0.605149,436.527,160.277,0.778778,463.405,191.012,0.829173,449.629,196.933,0.744532,454.222,198.217,0.738711,469.263,191.669,0.756352,473.878,190.349,0.204966,474.517,186.469,0.119789,479.09,183.166,0.47063
437.871,147.806,0.521729,452.9,128.18,0.609854,447.685,128.163,0.422272,453.568,147.818,0.0840528,0.0,0.0,0.0,457.489,128.176,0.675764,470.587,149.098,0.817663,448.314,153.059,0.824691,473.21,164.167,0.473441,469.28,160.905,0.323745,441.118,160.234,0.190975,473.844,181.215,0.576942,475.176,165.486,0.61207,436.529,160.283,0.785325,464.02,191.021,0.825355,449.634,196.928,0.743333,454.225,198.217,0.740656,469.279,191.681,0.710427,474.494,190.366,0.167031,0.0,0.0,0.0,479.085,183.162,0.485061
437.835,148.475,0.578323,452.903,128.191,0.622294,447.679,128.18,0.425718,452.918,148.467,0.0836229,0.0,0.0,0.0,458.121,128.187,0.690792,470.592,149.1,0.824884,448.336,153.688,0.834392,472.554,164.814,0.475546,468.616,161.564,0.324618,437.196,160.256,0.205383,473.854,181.199,0.619226,475.167,165.509,0.604879,436.538,160.285,0.764056,464.023,191.024,0.826077,449.636,196.928,0.741375,454.228,198.213,0.736099,469.277,191.683,0.722356,474.503,190.984,0.249908,474.514,188.396,0.141971,479.096,182.504,0.494817
437.824,149.116,0.584998,452.91,128.189,0.631764,447.667,128.811,0.403831,452.896,147.816,0.0735291,0.0,0.0,0.0,458.152,128.176,0.715069,470.589,149.108,0.826373,448.347,153.703,0.846536,471.889,164.172,0.482541,467.957,160.915,0.352397,434.574,160.275,0.276816,473.844,181.187,0.629952,475.157,165.493,0.612228,436.549,160.894,0.728989,464.022,191.026,0.829183,449.644,196.931,0.740219,454.862,197.594,0.73481,469.27,191.69,0.73075,474.512,190.986,0.290774,474.528,189.047,0.18289,479.098,181.858,0.495362
437.218,149.113,0.591857,452.907,128.188,0.61735,448.308,128.81,0.405387,452.911,147.805,0.0647726,0.0,0.0,0.0,458.117,128.172,0.701448,470.59,149.1,0.823254,448.349,153.699,0.844883,472.554,164.82,0.475023,468.626,161.57,0.323298,437.858,160.264,0.195538,473.859,181.188,0.631904,475.156,165.513,0.603765,436.529,160.895,0.754979,464.02,191.026,0.829446,449.644,196.927,0.741324,454.231,198.212,0.739485,469.272,191.687,0.724437,474.508,190.99,0.291868,474.527,189.048,0.187295,479.11,181.857,0.499374
437.825,149.106,0.58718,452.905,128.804,0.619019,447.689,128.814,0.411843,453.564,148.466,0.0835885,0.0,0.0,0.0,458.115,128.184,0.688673,470.6,149.103,0.827782,448.354,153.698,0.838547,472.541,164.821,0.460089,468.607,161.572,0.316657,435.878,160.274,0.214093,473.84,181.203,0.558868,475.163,166.133,0.590087,436.545,160.896,0.740075,464.019,191.016,0.825189,449.646,196.928,0.749166,454.864,197.593,0.736229,469.277,191.676,0.708129,474.532,190.376,0.197508,475.167,187.743,0.104249,479.083,182.512,0.452108
437.829,149.098,0.574701,452.901,128.186,0.583422,448.324,128.179,0.388707,453.56,148.47,0.0780676,0.0,0.0,0.0,457.471,128.157,0.677122,471.236,149.09,0.821021,448.356,153.688,0.826096,472.555,164.831,0.47109,468.619,162.217,0.320289,433.923,160.895,0.267385,473.841,181.2,0.592231,475.177,166.149,0.587426,437.184,160.287,0.738388,464.033,191.01,0.81988,450.283,196.928,0.747982,454.874,197.592,0.737533,469.289,191.671,0.703196,474.526,190.985,0.196035,474.516,188.383,0.0981123,479.09,182.508,0.471058
437.213,149.095,0.562831,452.898,128.179,0.585559,448.335,128.168,0.393168,453.562,148.457,0.0864026,0.0,0.0,0.0,456.827,128.145,0.665298,471.245,149.09,0.80903,448.966,153.053,0.806292,472.536,164.187,0.467318,467.961,160.919,0.329743,433.283,160.897,0.305386,473.835,181.195,0.572221,475.167,165.509,0.585691,437.192,160.892,0.732512,464.029,191.012,0.816801,450.28,196.931,0.742572,454.871,197.594,0.732205,469.291,191.673,0.695758,474.538,190.978,0.180949,474.522,188.388,0.0868879,479.085,182.506,0.449103
437.214,148.458,0.53506,452.877,128.174,0.56863,448.329,128.169,0.406698,453.568,148.457,0.0850274,0.0,0.0,0.0,455.514,127.514,0.650521,471.88,149.084,0.812734,448.332,153.032,0.811538,472.55,164.822,0.456566,467.971,161.558,0.309984,433.281,160.273,0.314965,473.204,181.228,0.53398,475.179,166.146,0.573959,437.189,160.278,0.735697,464.031,191.013,0.827759,450.277,196.927,0.752121,454.866,197.591,0.743423,469.287,191.68,0.716277,475.167,190.977,0.119421,0.0,0.0,0.0,478.449,183.817,0.432492
437.207,147.817,0.47362,452.249,128.16,0.567661,447.688,128.153,0.403909,453.574,147.163,0.0846697,0.0,0.0,0.0,455.524,127.508,0.649217,471.887,148.463,0.798968,448.307,152.404,0.813188,472.548,164.825,0.445893,467.972,161.554,0.296845,435.232,160.241,0.226264,473.205,181.86,0.516286,475.174,166.157,0.567343,436.544,160.27,0.766023,464.03,191.013,0.822823,450.278,196.926,0.749403,454.868,197.592,0.739063,469.292,191.678,0.690969,475.163,190.982,0.0927853,0.0,0.0,0.0,479.07,184.472,0.446059
437.187,147.808,0.484545,452.877,127.524,0.567287,448.331,126.864,0.427707,456.823,145.202,0.097075,0.0,0.0,0.0,454.88,126.869,0.624398,471.891,147.164,0.765321,448.336,151.082,0.802387,473.838,165.497,0.420061,469.929,163.522,0.256621,435.238,160.237,0.198692,472.549,182.508,0.45206,475.813,167.46,0.550259,436.535,160.26,0.756249,464.04,191.004,0.814824,449.644,196.927,0.741909,454.867,197.588,0.738904,469.305,191.668,0.673737,476.485,189.721,0.0528025,0.0,0.0,0.0,478.424,185.129,0.407205
